"URL","Title","H1","Fraza główna","Wolumen głównej","Frazy dodatkowe (SERP+DFSE)","Wolumeny dodatkowych","Podstrony silnikowe (box linkowania)","Typ","Parent model","Klaster"
"/modele/fiat-ducato/","Fiat Ducato – generacje, wersje, dane techniczne | BusManiak.pl","Fiat Ducato – kompletny przewodnik po modelu","fiat ducato","33100","fiat maxi ducato; fiat ducato maxi; fiat ducato kamper; kamper fiat ducato; fiat ducato wymiary; fiat ducato l3h2; fiat ducato 2025; fiat ducato l4h3; fiat ducato l2h2; fiat ducato l4h2","2400; 2400; 1600; 1000; 880; 880; 880; 720; 720; 590","Fiat Ducato 2.3 MultiJet (880); Fiat Ducato 3.0 MultiJet (480); Fiat Ducato 2.2 MultiJet (210); Fiat Ducato 2.8 JTD (210)","page","","modele"
"/modele/fiat-ducato-maxi/","Fiat Ducato Maxi – wersje, dane techniczne, ceny | BusManiak.pl","Fiat Ducato Maxi – kompletny przewodnik po modelu","fiat ducato maxi","2900","fiat ducato; fiat maxi ducato; ducato maxi; fiat ducato wymiary; fiat ducato l3h2; fiat ducato l3h2 wymiary; ducato maxi wymiary; ducato l3h2 wymiary; ducato wymiary; fiat ducato l2h2 wymiary","27100; 2400; 1300; 1000; 590; 590; 480; 480; 480; 480","","page","","modele"
"/modele/mercedes-sprinter/","Mercedes Sprinter – generacje, wersje, dane techniczne | BusManiak.pl","Mercedes Sprinter – kompletny przewodnik po modelu","mercedes sprinter","18100","mercedes benz sprinter van; mercedes-benz sprinter van; mercedes benz sprinter; mercedes-benz sprinter; sprinter mercedes; bus mercedes sprinter; mercedes sprinter bus; mercedes bus sprinter; mercedes sprinter wymiary; mercedes sprinter 906","18100; 18100; 2900; 2900; 1000; 720; 720; 720; 590; 590","","page","","modele"
"/modele/iveco-daily/","Iveco Daily – generacje, wersje, dane techniczne | BusManiak.pl","Iveco Daily – kompletny przewodnik po modelu","iveco daily","22200","iveco daily 3.0; iveco daily wywrotka; laweta iveco daily; iveco daily laweta; iveco daily autolaweta; autolaweta iveco daily; iveco daily wymiary; iveco daily 35c15; bus iveco daily; autobus iveco daily","2900; 1900; 1000; 1000; 1000; 1000; 880; 720; 720; 720","Iveco Daily 3.0 (2900)","page","","modele"
"/modele/ford-transit/","Ford Transit – generacje, wersje, dane techniczne | BusManiak.pl","Ford Transit – kompletny przewodnik po modelu","ford transit","33100","ford transit custom; ford transit connect; transit connect ford; ford transit courier kombi; ford courier transit; ford transit courier van; ford transit courier; transit courier ford; ford transit 9 osobowy; ford transit 2025","22200; 12100; 12100; 4400; 4400; 4400; 4400; 4400; 1300; 1000","","page","","modele"
"/modele/renault-master/","Renault Master – generacje, wersje, dane techniczne | BusManiak.pl","Renault Master – kompletny przewodnik po modelu","renault master","1000","renault master 3; renault master 2025; renault master 2; renault master 2 2; renault master 4; renault master iv; renault master 2024; renault master wymiary; renault master plandeka; master renault","5400; 3600; 2900; 2900; 1900; 1900; 1300; 1000; 1000; 1000","","page","","modele"
"/modele/volkswagen-crafter/","Volkswagen Crafter – generacje, wersje, dane techniczne | BusManiak.pl","Volkswagen Crafter – kompletny przewodnik po modelu","volkswagen crafter","12100","volkswagen vw crafter; volkswagen crafter 2.0 tdi; volkswagen crafter 2.5 tdi; volkswagen crafter 9 osobowy; volkswagen crafter 9-osobowy; volkswagen crafter 2025; volkswagen crafter wymiary; volkswagen crafter brygadówka; volkswagen crafter doka; volkswagen crafter camper","12100; 720; 590; 480; 480; 480; 480; 390; 320; 320","Volkswagen Crafter 2.0 TDI (390)","page","","modele"
"/modele/man-tge/","MAN TGE – wersje, dane techniczne, ceny | BusManiak.pl","MAN TGE – kompletny przewodnik po modelu","man tge","2900","furgon; man tge wymiary; man tge cennik; man tge 9 osobowy; man tge 3.180 opinie; man tge policja; man tge opinie; man oznaczenie napędów; man tge dane techniczne; man furgon","1900; 170; 170; 140; 110; 110; 110; 90; 50; 50","","page","","modele"
"/modele/citroen-jumper/","Citroën Jumper – generacje, wersje, dane techniczne | BusManiak.pl","Citroën Jumper – kompletny przewodnik po modelu","citroën jumper","22200","jumper 2; citroën jumper wymiary; citroen jumper wymiary paki; citroën jumper 2; citroen jumper ii; citroen jumper l2h2 wymiary; citroen jumper l3h2 wymiary; citroen jumper dane techniczne; citroen jumper waga; citroen jumper wysokość","1000; 480; 170; 140; 110; 110; 110; 90; 90; 90","","page","","modele"
"/modele/peugeot-boxer/","Peugeot Boxer – generacje, wersje, dane techniczne | BusManiak.pl","Peugeot Boxer – kompletny przewodnik po modelu","peugeot boxer","14800","peugeot boxer 3.0 hdi; boxer peugeot; peugeot boxer wymiary; service peugeot boxer; peugeot boxer 2025; peugeot boxer l2h2; peugeot boxer 2.2 hdi opinie; peugeot boxer l3h2; l3h2 peugeot boxer; peugeot boxer dane techniczne","590; 590; 390; 390; 260; 260; 260; 260; 260; 210","Peugeot Boxer 2.2 HDI (1600); Peugeot Boxer 2.0 HDI (390)","page","","modele"
"/modele/opel-movano/","Opel Movano – generacje, wersje, dane techniczne | BusManiak.pl","Opel Movano – kompletny przewodnik po modelu","opel movano","9900","opel movano 2025; movano opel; opel movano wymiary; opel movano 2024; opel movano b; opel movano l3h2; movano b; opel movano l2h2; opel movano 7 osobowy; opel movano 2.3 cdti","480; 480; 390; 260; 210; 210; 170; 170; 170; 170","Opel Movano 2.5 CDTI (480)","page","","modele"
"/modele/nissan-interstar/","Nissan Interstar – wersje, dane techniczne, ceny | BusManiak.pl","Nissan Interstar – kompletny przewodnik po modelu","nissan interstar","1600","interstar; nissan interstar 2.5 dci; nissan interstar wymiary","140; 110; 20","","page","","modele"
"/modele/maxus-deliver-9/","Maxus Deliver 9 – wersje, dane techniczne, ceny | BusManiak.pl","Maxus Deliver 9 – kompletny przewodnik po modelu","maxus deliver 9","720","maxus deliver 9 cena; maxus deliver 9 opinie; ldv maxus; maxus deliver 9 osobowy; maxus e-deliver 9; maxus deliver 9 co to za marka; maxus deliver 9 opinię; największy bus blaszak; największy minivan; delivery van","390; 390; 320; 320; 170; 110; 110; 90; 70; 50","","page","","modele"
"/modele/renault-trafic/","Renault Trafic – generacje, wersje, dane techniczne | BusManiak.pl","Renault Trafic – kompletny przewodnik po modelu","renault trafic","40500","trafic renault; trafic; renault trafic 9 osobowy; renault trafic long; renault trafic 2; renault trafic ii; renault trafic 3; renault trafic iii; renault trafić wymiary; renault trafic wymiary","40500; 5400; 4400; 1900; 1900; 1900; 1600; 1600; 1300; 1300","","page","","modele"
"/modele/toyota-proace/","Toyota Proace – generacje, wersje, dane techniczne | BusManiak.pl","Toyota Proace – kompletny przewodnik po modelu","toyota proace","40500","proace toyota; toyota proace city; toyota proace verso; toyota proace city verso; toyota proace max; proace; toyota proace long; toyota proace city long; toyota proace 9 osobowa; toyota proace city verso long","40500; 18100; 8100; 6600; 5400; 1600; 1300; 1000; 720; 590","","page","","modele"
"/modele/opel-vivaro/","Opel Vivaro – generacje, wersje, dane techniczne | BusManiak.pl","Opel Vivaro – kompletny przewodnik po modelu","opel vivaro","27100","vivaro opel; opel vivaro 9-osobowy; opel vivaro 9 osobowy; opel vivaro long; opel vivaro wymiary; opel vivaro westfalia; opel vivaro b; opel vivaro brygadówka; opel vivaro long 9-osobowy; opel vivaro blaszak","27100; 2900; 2900; 1000; 880; 720; 480; 480; 390; 390","Opel Vivaro 2.0 CDTI (1000); Opel Vivaro 1.9 CDTI (590); Opel Vivaro 2.5 CDTI (320)","page","","modele"
"/modele/citroen-jumpy/","Citroën Jumpy – generacje, wersje, dane techniczne | BusManiak.pl","Citroën Jumpy – kompletny przewodnik po modelu","citroën jumpy","22200","citroen jumpy; citroën jumpy wymiary; jumpy; citroen jumpy wymiary paki; citroen jumpy long; peugeot jumpy; citroen jumpy dane techniczne; jumpy wymiary; citroen jumpy 1; citroen jumpy 2","18100; 720; 720; 320; 210; 140; 110; 110; 110; 90","","page","","modele"
"/modele/peugeot-expert/","Peugeot Expert – generacje, wersje, dane techniczne | BusManiak.pl","Peugeot Expert – kompletny przewodnik po modelu","peugeot expert","9900","peugeot expert wymiary; peugeot expert long; peugeot expert 9 osobowy; expert peugeot; peugeot expert wymiary paki; peugeot expert travel; peugeot expert tepee; peugeot expert traveller; peugeot expert opinie; peugeot expert osobowy","590; 390; 390; 320; 260; 260; 260; 260; 210; 210","Peugeot Expert 2.0 HDI (1300)","page","","modele"
"/modele/mercedes-vito/","Mercedes Vito – generacje, wersje, dane techniczne | BusManiak.pl","Mercedes Vito – kompletny przewodnik po modelu","mercedes vito","18100","mb vito; merc vito; mercedes benz vito; mercedes-benz vito; mercedes vito 9 osobowy; mercedes vito tourer; vito mercedes; mercedes vito wymiary; mercedes vito 2025; mercedes vito osobowy","22200; 22200; 2900; 2900; 1900; 1300; 1300; 480; 480; 390","","page","","modele"
"/modele/ford-transit-custom/","Ford Transit Custom – generacje, wersje, dane techniczne | BusManiak.pl","Ford Transit Custom – kompletny przewodnik po modelu","ford transit custom","22200","ford custom; transit custom; ford transit custom wymiary; ford transit custom dostawcze; ford transit custom 9-osobowy; ford transit custom 9 osobowy; ford transit custom l2h1 wymiary; ford transit custom 2024; ford transit custom sport; ford transit custom opinie","8100; 2400; 880; 720; 480; 480; 390; 390; 320; 320","","page","","modele"
"/modele/volkswagen-transporter/","Volkswagen Transporter – generacje, wersje, dane techniczne | BusManiak.pl","Volkswagen Transporter – kompletny przewodnik po modelu","volkswagen transporter","12100","volkswagen transporter t5; vw transporter t5; volkswagen transporter t4; vw transporter t6; volkswagen transporter t6; volkswagen t7 transporter; t5 volkswagen transporter; transporter t5; volkswagen transporter t3; volkswagen transporter t4 2.5 tdi","5400; 4400; 3600; 2900; 2900; 2400; 1900; 1600; 1000; 1000","","page","","modele"
"/modele/fiat-scudo/","Fiat Scudo – generacje, wersje, dane techniczne | BusManiak.pl","Fiat Scudo – kompletny przewodnik po modelu","fiat scudo","14800","scudo fiat; scudo; fiat scudo 9 osobowy; fiat scudo wymiary; fiat scudo 2025; fiat scudo opinie; fiat scudo wymiary paki; fiat scudo osobowy; fiat scudo long; fiat scudo 2024","14800; 1300; 880; 590; 480; 390; 320; 320; 260; 260","","page","","modele"
"/modele/hyundai-staria/","Hyundai Staria – wersje, dane techniczne, ceny | BusManiak.pl","Hyundai Staria – kompletny przewodnik po modelu","hyundai staria","9900","hyundai staria cena; hyundai staria wnętrze; hyundai staria wymiary; hyundai staria interior; hyundai staria dane techniczne; hyundai staria w polsce","880; 390; 170; 170; 50; 30","","page","","modele"
"/modele/nissan-nv300/","Nissan NV300 – wersje, dane techniczne, ceny | BusManiak.pl","Nissan NV300 – kompletny przewodnik po modelu","nissan nv300","1300","nv300; nissan nv300 wymiary","50; 30","","page","","modele"
"/modele/citroen-berlingo/","Citroën Berlingo – generacje, wersje, dane techniczne | BusManiak.pl","Citroën Berlingo – kompletny przewodnik po modelu","citroën berlingo","40500","citroen berlingo; cıtroen berlingo; berlingo; berlingo 2; citroen berlingo 2; citroën berlingo 2; citroen multispace berlingo; citroën berlingo van; citroen berlingo wymiary; citroen citroen berlingo","33100; 33100; 8100; 1000; 1000; 1000; 720; 720; 590; 590","1.6 HDI (2900); Long (720); Multispace (720); Van (720); 7-osobowy (480); XL (390); dostawczy (390); Citroën ë-Berlingo (110)","page","","modele"
"/modele/peugeot-partner/","Peugeot Partner – generacje, wersje, dane techniczne | BusManiak.pl","Peugeot Partner – kompletny przewodnik po modelu","peugeot partner","22200","1.6 hdi peugeot partner; peugeot tepee partner; peugeot partner tepee; partner peugeot; peugeot partner long; peugeot partner tepee 1.6 hdi; peugeot partner 2; peugeot partner 1; peugeot partner 2025; peugeot partner wikipedia","2900; 1600; 1600; 880; 880; 720; 590; 390; 390; 320","Peugeot Partner 1.6 HDI (2900)","page","","modele"
"/modele/renault-kangoo/","Renault Kangoo – generacje, wersje, dane techniczne | BusManiak.pl","Renault Kangoo – kompletny przewodnik po modelu","renault kangoo","22200","kangoo; renault kangoo 1.5 dci; renault kangoo 4x4; renault 4x4 kangoo; kangoo renault 4x4; kangoo renault; renault kangoo 2; renault kangoo max; renault kangoo maxi; renault kangoo 2025","2900; 1600; 1600; 1600; 1600; 1000; 880; 880; 880; 720","Renault Kangoo 1.5 dCi (480)","page","","modele"
"/modele/opel-combo/","Opel Combo – generacje, wersje, dane techniczne | BusManiak.pl","Opel Combo – kompletny przewodnik po modelu","opel combo","18100","opel combo van; combo opel; combo; opel combo c van; opel combo c; opel combo life; opel combo 1.6; opel combo d van; opel combo d; opel combo maxi","18100; 18100; 5400; 1300; 1300; 880; 720; 590; 590; 390","Opel Combo 1.6 CDTI (720); Opel Combo 1.3 CDTI (480)","page","","modele"
"/modele/volkswagen-caddy/","Volkswagen Caddy – generacje, wersje, dane techniczne | BusManiak.pl","Volkswagen Caddy – kompletny przewodnik po modelu","volkswagen caddy","40500","vw caddy; caddy vw van; volkswagen volkswagen caddy; caddy; volkswagen caddy maxi; caddy volkswagen; volkswagen caddy 2025; volkswagen caddy wymiary; volkswagen caddy 7 osobowy; volkswagen caddy 3","40500; 40500; 40500; 8100; 3600; 1900; 880; 720; 720; 720","","page","","modele"
"/modele/ford-transit-connect/","Ford Transit Connect – generacje, wersje, dane techniczne | BusManiak.pl","Ford Transit Connect – kompletny przewodnik po modelu","ford transit connect","12100","transit connect ford; ford van transit connect; ford connect; transit connect; ford transit connect long; ford connect long; ford transit connect wymiary; ford transit connect l2; ford connect l2; ford connect wymiary","12100; 9900; 8100; 2400; 720; 590; 390; 260; 210; 210","","page","","modele"
"/modele/ford-transit-courier/","Ford Transit Courier – wersje, dane techniczne, ceny | BusManiak.pl","Ford Transit Courier – kompletny przewodnik po modelu","ford transit courier","4400","ford transit courier van; ford courier van; ford transit courier kombi; ford courier transit; transit courier ford; transit courier; ford transit courier wymiary; ford transit courier 5-osobowy; ford transit courier 5 osobowy; ford transit courier wymiary przestrzeni ładunkowej","4400; 4400; 4400; 4400; 4400; 880; 210; 140; 140; 110","","page","","modele"
"/modele/mercedes-citan/","Mercedes Citan – wersje, dane techniczne, ceny | BusManiak.pl","Mercedes Citan – kompletny przewodnik po modelu","mercedes citan","8100","mb citan; mercedes benz citan; mercedes-benz citan; citan tourer mercedes; citan mercedes; citan; mercedes citan opinie; mercedes citan tourer; mercedes benz citan long; mercedes citan long","8100; 8100; 8100; 8100; 8100; 720; 260; 210; 210; 210","","page","","modele"
"/modele/toyota-proace-city/","Toyota Proace City – wersje, dane techniczne, ceny | BusManiak.pl","Toyota Proace City – kompletny przewodnik po modelu","toyota proace city","18100","toyota proace city verso; toyota proace city long; toyota proace city verso long; toyota proace city verso 7 osobowy; toyota proace city verso 7-osobowy; toyota proace city wymiary; toyota proace city verso 1.5 d-4d; toyota proace city opinie; toyota proace city furgon; toyota proace city 2025","6600; 1000; 590; 390; 390; 320; 320; 320; 260; 260","","page","","modele"
"/modele/nissan-nv200/","Nissan NV200 – generacje, wersje, dane techniczne | BusManiak.pl","Nissan NV200 – kompletny przewodnik po modelu","nissan nv200","4400","nissan e nv200; nissan e-nv200; nissan nv200 wymiary; nissan nv200 opinie; nissan nv200 7 osobowy; nissan nv200 wymiary paki; nissan evalia nv200; nissan nv200 1.6 benzyna; nissan nv200 1.5 dci opinie; nissan nv200 opinie forum","390; 390; 260; 260; 140; 110; 110; 110; 110; 110","","page","","modele"
"/modele/fiat-fiorino/","Fiat Fiorino – generacje, wersje, dane techniczne | BusManiak.pl","Fiat Fiorino – kompletny przewodnik po modelu","fiat fiorino","9900","fiorino fiat; fiorino; fiat fiorino wymiary paki; fiat fiorino 1.4 benzyna; fiat fiorino wymiary; fiat fiorino qubo; fiat fiorino opinie; fiorino wymiary paki; fiat fiorino 5 osobowy; fiat fiorino dane techniczne","9900; 1300; 390; 320; 210; 140; 140; 90; 90; 70","Fiat Fiorino 1.3 MultiJet (480)","page","","modele"
"/modele/fiat-doblo/","Fiat Doblò – generacje, wersje, dane techniczne | BusManiak.pl","Fiat Doblò – kompletny przewodnik po modelu","fiat doblò","27100","fiat doblo; fiat doblo maxi; doblo; doblo maxi; fiat doblo wiki; fiat doblo 2; fiat doblo 7 osób; doblo maxi wymiary; fiat doblo wymiary paki; fiat doblo wymiary przestrzeni ladunkowej","27100; 5400; 1900; 1000; 480; 320; 320; 320; 260; 260","","page","","modele"
"/modele/dacia-dokker/","Dacia Dokker – generacje, wersje, dane techniczne | BusManiak.pl","Dacia Dokker – kompletny przewodnik po modelu","dacia dokker","14800","dacia dokker wymiary; dacia dokker wymiary paki; dacia dokker van; dacia van; dacia dokker stepway; dacia dokker 2025; dacia dokker opinie; dacia dokker wymiary bagażnika; dacia dokker cena nowy; dokker dacia","1600; 1300; 720; 480; 390; 320; 320; 260; 260; 260","","page","","modele"
"/modele/peugeot-rifter/","Peugeot Rifter – generacje, wersje, dane techniczne | BusManiak.pl","Peugeot Rifter – kompletny przewodnik po modelu","peugeot rifter","8100","peugeot rifter long; peugeot rifter opinie; peugeot rifter long 7-osobowy; peugeot rifter long 7 osobowy; peugeot rifter 2025; peugeot rifter 2024; peugeot rifter wymiary; peugeot rifter 7-osobowy; peugeot e rifter; peugeot rifter 7 osobowy","720; 260; 260; 260; 260; 210; 170; 170; 170; 170","","page","","modele"
"/modele/volkswagen-multivan/","Volkswagen Multivan – generacje, wersje, dane techniczne | BusManiak.pl","Volkswagen Multivan – kompletny przewodnik po modelu","volkswagen multivan","6600","multivan volkswagen; vw multivan; volkswagen multivan t7; volkswagen t6 multivan; volkswagen t5 multivan; volkswagen t4 multivan; volkswagen multivan 2025; vw t5 long wymiary; volkswagen multivan family; vw multivan t7","6600; 5400; 2400; 1900; 720; 590; 590; 480; 480; 390","","page","","modele"
"/modele/toyota-proace-verso/","Toyota Proace Verso – wersje, dane techniczne, ceny | BusManiak.pl","Toyota Proace Verso – kompletny przewodnik po modelu","toyota proace verso","8100","toyota proace city verso; toyota proace city verso long; toyota proace verso long; toyota proace city verso 7 osobowy; toyota proace city verso 7-osobowy; toyota proace verso wymiary; toyota proace verso family long; toyota proace verso long 9-os; toyota proace verso vip; toyota proace city verso 1.5 d-4d","6600; 590; 480; 390; 390; 320; 320; 320; 320; 320","","page","","modele"
"/modele/volkswagen-california/","Volkswagen California – generacje, wersje, dane techniczne | BusManiak.pl","Volkswagen California – kompletny przewodnik po modelu","volkswagen california","22200","california; california volkswagen; vw california; volkswagen california 2025; vw california 6.1; volkswagen california 6.1; volkswagen california ocean; volkswagen grand california; vw california cena; camper volkswagen california","27100; 22200; 18100; 9900; 1600; 1600; 1600; 1600; 880; 880","","page","","modele"
"/modele/ford-ranger/","Ford Ranger – dane techniczne, wersje, opinie | BusManiak.pl","Ford Ranger – kompletny przewodnik","ford ranger","33100","ford ranger raptor; raptor ford ranger; ranger ford raptor; ford ranger wildtrak; 2025 ford ranger; ranger ford; ford ranger 2025; ford ranger ceną; ford ranger cena; rangera","8100; 8100; 8100; 1600; 880; 880; 880; 720; 720; 590","","page","","modele"
"/modele/volkswagen-amarok/","Volkswagen Amarok – dane techniczne, wersje, opinie | BusManiak.pl","Volkswagen Amarok – kompletny przewodnik","volkswagen amarok","12100","amarok auto; volkswagen volkswagen amarok; vw amarok; volkswagen pickup amarok; vw pickup; volkswagen pickup; amarok volkswagen; volkswagen amarok 2025; nowy amarok; volkswagen amarok opinie","12100; 12100; 12100; 12100; 1900; 1900; 880; 390; 260; 260","","page","","modele"
"/modele/ford-e-transit/","Ford E-Transit – dane techniczne, zasięg, cena | BusManiak.pl","Ford E-Transit – elektryczny dostawczy","ford e-transit","2400","ford e transit; e transit; ford transit masa własna; transit elektryczny; ford transit elektryczny cena; ford transit electric; ford dostawczy elektryczny; masa ford transit; ford transit masa całkowita","390; 210; 110; 90; 50; 40; 30; 10; 10","","page","","modele"
"/modele/mercedes-esprinter/","Mercedes eSprinter – dane techniczne, zasięg, cena | BusManiak.pl","Mercedes eSprinter – elektryczny dostawczy","mercedes esprinter","1300","mercedes sprinter dane techniczne; sprinter maxi; mb sprinter; mercedes sprinter maxi long wymiary; sprinter 904; mercedes sprinter maxi long wymiary paki; mercedes sprinter w906; mercedes sprinter waga; sprinter elektryczny; mercedes sprinter l4h3 wymiary","260; 210; 170; 140; 110; 110; 110; 110; 90; 90","","page","","modele"
"/modele/volkswagen-id-buzz/","Volkswagen ID.Buzz – dane techniczne, zasięg, cena | BusManiak.pl","Volkswagen ID.Buzz – elektryczny dostawczy","volkswagen id.buzz","4400","vw bus elektryczny; volkswagen elektryczny van; id bus; id buzz wymiary; volkswagen id buzz zasięg; vw id buzz zasięg; vw id bus; vw id buzz dane techniczne; vw id buzz wymiary; vw elektryczny id buzz","480; 320; 210; 140; 140; 110; 70; 50; 50; 50","","page","","modele"
"/porownania/busy-vany-4x4/","Busy i vany 4x4 – modele z napędem na cztery koła | BusManiak.pl","Busy i vany 4x4 – kompletny przegląd modeli","busy 4x4","10000","iveco daily 4x4; mercedes sprinter 4x4; volkswagen caddy 4x4; ford transit 4x4; mercedes vito 4x4; man tge 4x4; volkswagen transporter 4x4; peugeot partner 4x4; fiat ducato 4x4; volkswagen crafter 4x4","1600; 1300; 1000; 720; 590; 480; 480; 390; 320; 320","","page","","porownania"
"/serwis/bezpieczniki-busy/","Bezpieczniki w busach – schematy, opisy, lokalizacja | BusManiak.pl","Bezpieczniki w busach – kompletny przewodnik","bezpieczniki bus","2500","iveco daily bezpieczniki opis; fiat ducato bezpieczniki opis; renault master bezpieczniki opis; fiat ducato opis przekaźników; iveco daily bezpieczniki po polsku; peugeot boxer bezpieczniki opis","590; 480; 480; 390; 390; 320","","post","","serwis"
"/modele/fiat-ducato/2-3-multijet/","Fiat Ducato 2.3 MultiJet – dane techniczne, spalanie, opinie | BusManiak.pl","Fiat Ducato 2.3 MultiJet – dane techniczne i opinie","fiat ducato 2.3 multijet","880","","","","page","fiat-ducato","modele"
"/modele/fiat-ducato/3-0-multijet/","Fiat Ducato 3.0 MultiJet – dane techniczne, spalanie, opinie | BusManiak.pl","Fiat Ducato 3.0 MultiJet – dane techniczne i opinie","fiat ducato 3.0","480","","","","page","fiat-ducato","modele"
"/modele/fiat-ducato/2-2-multijet/","Fiat Ducato 2.2 MultiJet – dane techniczne, spalanie, opinie | BusManiak.pl","Fiat Ducato 2.2 MultiJet – dane techniczne i opinie","fiat ducato 2.2 opinie o silniku","210","","","","page","fiat-ducato","modele"
"/modele/fiat-ducato/2-8-jtd/","Fiat Ducato 2.8 JTD – dane techniczne, spalanie, opinie | BusManiak.pl","Fiat Ducato 2.8 JTD – dane techniczne i opinie","fiat ducato 2.8 jtd","210","","","","page","fiat-ducato","modele"
"/modele/peugeot-partner/1-6-hdi/","Peugeot Partner 1.6 HDI – dane techniczne, spalanie, opinie | BusManiak.pl","Peugeot Partner 1.6 HDI – dane techniczne i opinie","peugeot partner 1.6 hdi","2900","","","","page","peugeot-partner","modele"
"/modele/peugeot-boxer/2-2-hdi/","Peugeot Boxer 2.2 HDI – dane techniczne, spalanie, opinie | BusManiak.pl","Peugeot Boxer 2.2 HDI – dane techniczne i opinie","peugeot boxer 2.2 hdi","1600","","","","page","peugeot-boxer","modele"
"/modele/peugeot-boxer/2-0-hdi/","Peugeot Boxer 2.0 HDI – dane techniczne, spalanie, opinie | BusManiak.pl","Peugeot Boxer 2.0 HDI – dane techniczne i opinie","peugeot boxer 2.0 hdi","390","","","","page","peugeot-boxer","modele"
"/modele/peugeot-expert/2-0-hdi/","Peugeot Expert 2.0 HDI – dane techniczne, spalanie, opinie | BusManiak.pl","Peugeot Expert 2.0 HDI – dane techniczne i opinie","peugeot expert 2.0 hdi","1300","","","","page","peugeot-expert","modele"
"/modele/opel-vivaro/2-0-cdti/","Opel Vivaro 2.0 CDTI – dane techniczne, spalanie, opinie | BusManiak.pl","Opel Vivaro 2.0 CDTI – dane techniczne i opinie","opel vivaro 2.0 cdti","1000","","","","page","opel-vivaro","modele"
"/modele/opel-vivaro/1-9-cdti/","Opel Vivaro 1.9 CDTI – dane techniczne, spalanie, opinie | BusManiak.pl","Opel Vivaro 1.9 CDTI – dane techniczne i opinie","opel vivaro 1.9 cdti","590","","","","page","opel-vivaro","modele"
"/modele/opel-vivaro/2-5-cdti/","Opel Vivaro 2.5 CDTI – dane techniczne, spalanie, opinie | BusManiak.pl","Opel Vivaro 2.5 CDTI – dane techniczne i opinie","opel vivaro 2.5 cdti","320","","","","page","opel-vivaro","modele"
"/modele/opel-combo/1-6-cdti/","Opel Combo 1.6 CDTI – dane techniczne, spalanie, opinie | BusManiak.pl","Opel Combo 1.6 CDTI – dane techniczne i opinie","opel combo 1.6","720","","","","page","opel-combo","modele"
"/modele/opel-combo/1-3-cdti/","Opel Combo 1.3 CDTI – dane techniczne, spalanie, opinie | BusManiak.pl","Opel Combo 1.3 CDTI – dane techniczne i opinie","opel combo 1.3 cdti","480","","","","page","opel-combo","modele"
"/modele/opel-movano/2-5-cdti/","Opel Movano 2.5 CDTI – dane techniczne, spalanie, opinie | BusManiak.pl","Opel Movano 2.5 CDTI – dane techniczne i opinie","opel movano 2.5 cdti","480","","","","page","opel-movano","modele"
"/modele/iveco-daily/3-0/","Iveco Daily 3.0 – dane techniczne, spalanie, opinie | BusManiak.pl","Iveco Daily 3.0 – dane techniczne i opinie","iveco daily 3.0","2900","","","","page","","modele"
"/modele/fiat-fiorino/1-3-multijet/","Fiat Fiorino 1.3 MultiJet – dane techniczne, spalanie, opinie | BusManiak.pl","Fiat Fiorino 1.3 MultiJet – dane techniczne i opinie","fiat fiorino 1.3 multijet","480","","","","page","fiat-fiorino","modele"
"/modele/volkswagen-crafter/2-0-tdi/","Volkswagen Crafter 2.0 TDI – dane techniczne, spalanie, opinie | BusManiak.pl","Volkswagen Crafter 2.0 TDI – dane techniczne i opinie","volkswagen crafter 2.0 tdi","390","","","","page","volkswagen-crafter","modele"
"/modele/renault-kangoo/1-5-dci/","Renault Kangoo 1.5 dCi – dane techniczne, spalanie, opinie | BusManiak.pl","Renault Kangoo 1.5 dCi – dane techniczne i opinie","renault kangoo 1.5 dci","480","","","","page","renault-kangoo","modele"
"/modele/fiat-ducato/9-osobowy/","Fiat Ducato 9-osobowy – wersja pasażerska, prawo jazdy, ceny | BusManiak.pl","Fiat Ducato 9-osobowy – kompletny przewodnik","9 osobowy","480","","","","page","fiat-ducato","modele"
"/modele/fiat-ducato/brygadowka/","Fiat Ducato brygadówka – wersja dla ekip budowlanych | BusManiak.pl","Fiat Ducato brygadówka – kompletny przewodnik","brygadowka","480","","","","page","fiat-ducato","modele"
"/modele/fiat-ducato/skrzyniowy/","Fiat Ducato skrzyniowy – podwozie, wymiary, ładowność | BusManiak.pl","Fiat Ducato skrzyniowy – przegląd wersji","skrzyniowy","320","","","","page","fiat-ducato","modele"
"/modele/fiat-ducato/plandeka/","Fiat Ducato plandeka – wymiary, ładowność, zastosowania | BusManiak.pl","Fiat Ducato plandeka – przegląd wersji","plandeka","320","","","","page","fiat-ducato","modele"
"/modele/fiat-ducato/blaszak/","Fiat Ducato blaszak – furgon, wymiary paki, ładowność | BusManiak.pl","Fiat Ducato blaszak – przegląd wersji","blaszak","320","","","","page","fiat-ducato","modele"
"/modele/fiat-ducato/kontener/","Fiat Ducato kontener – zabudowa kontenerowa, wymiary | BusManiak.pl","Fiat Ducato kontener – przegląd zabudowy","kontener","260","","","","page","fiat-ducato","modele"
"/modele/fiat-ducato/doka/","Fiat Ducato doka – podwójna kabina z platformą | BusManiak.pl","Fiat Ducato doka – przegląd wersji","doka","260","","","","page","fiat-ducato","modele"
"/modele/fiat-ducato/laweta/","Fiat Ducato laweta – autolaweta na bazie Ducato | BusManiak.pl","Fiat Ducato laweta – przegląd zabudowy","laweta","490","","","","page","fiat-ducato","modele"
"/modele/fiat-ducato/chlodnia/","Fiat Ducato chłodnia – zabudowa izotermiczna i chłodnicza | BusManiak.pl","Fiat Ducato chłodnia – przegląd zabudowy","chlodnia","210","","","","page","fiat-ducato","modele"
"/przerobki/fiat-ducato-kamper/","Fiat Ducato kamper – dlaczego jest numerem jeden pod przeróbkę | BusManiak.pl","Fiat Ducato kamper – dlaczego jest najpopularniejszy","fiat ducato kamper","2600","","","","post","fiat-ducato","przerobki"
"/przerobki/fiat-ducato-tuning/","Fiat Ducato tuning – modyfikacje, chiptuning, optyka | BusManiak.pl","Fiat Ducato tuning – poradnik modyfikacji","fiat ducato tuning","210","","","","post","fiat-ducato","przerobki"
"/serwis/bezpieczniki-fiat-ducato/","Bezpieczniki Fiat Ducato – schemat, opis, lokalizacja | BusManiak.pl","Bezpieczniki Fiat Ducato – kompletny schemat","bezpieczniki fiat ducato","1600","","","","post","fiat-ducato","serwis"
"/serwis/przekazniki-fiat-ducato/","Przekaźniki Fiat Ducato – schemat, lokalizacja, opis | BusManiak.pl","Przekaźniki Fiat Ducato – kompletny schemat","przekazniki fiat ducato","1000","","","","post","fiat-ducato","serwis"
"/serwis/kontrolki-fiat-ducato/","Kontrolki Fiat Ducato – opis symboli na desce rozdzielczej | BusManiak.pl","Kontrolki Fiat Ducato – co oznaczają","kontrolki fiat ducato","390","","","","post","fiat-ducato","serwis"
"/serwis/fiat-ducato-spalanie/","Fiat Ducato spalanie – zużycie paliwa per silnik i wersja | BusManiak.pl","Fiat Ducato spalanie – tabela per silnik","fiat ducato spalanie","170","","","","post","fiat-ducato","serwis"
"/serwis/fiat-ducato-rozrzad/","Fiat Ducato rozrząd – co ile wymiana, koszty, objawy zużycia | BusManiak.pl","Fiat Ducato rozrząd – kiedy wymieniać","fiat ducato rozrzad","280","","","","post","fiat-ducato","serwis"
"/modele/citroen-berlingo/1-6-hdi/","Citroën Berlingo 1.6 HDI – dane techniczne, spalanie, opinie | BusManiak.pl","Citroën Berlingo 1.6 HDI – dane techniczne i opinie","1 6 hdi","2900","","","","page","citroen-berlingo","modele"
"/modele/citroen-berlingo/long/","Citroën Berlingo Long – wymiary, ładowność, wersje | BusManiak.pl","Citroën Berlingo Long – kompletny przewodnik","long","720","","","","page","citroen-berlingo","modele"
"/modele/citroen-berlingo/multispace/","Citroën Berlingo Multispace – wersja osobowa, wyposażenie | BusManiak.pl","Citroën Berlingo Multispace – przegląd wersji","multispace","720","","","","page","citroen-berlingo","modele"
"/modele/citroen-berlingo/van/","Citroën Berlingo Van – wersja dostawcza, wymiary paki | BusManiak.pl","Citroën Berlingo Van – przegląd wersji dostawczej","van","720","","","","page","citroen-berlingo","modele"
"/modele/citroen-berlingo/7-osobowy/","Citroën Berlingo 7-osobowy – wersja rodzinna | BusManiak.pl","Citroën Berlingo 7-osobowy – przegląd wersji","7 osobowy","480","","","","page","citroen-berlingo","modele"
"/modele/citroen-berlingo/xl/","Citroën Berlingo XL – wymiary, pojemność, ceny | BusManiak.pl","Citroën Berlingo XL – kompletny przewodnik","xl","390","","","","page","citroen-berlingo","modele"
"/modele/citroen-berlingo/dostawczy/","Citroën Berlingo dostawczy – wymiary, ładowność, konfiguracje | BusManiak.pl","Citroën Berlingo dostawczy – przegląd wersji","dostawczy","390","","","","page","citroen-berlingo","modele"
"/modele/citroen-berlingo/elektryczny/","Citroën ë-Berlingo – elektryczny van, zasięg, cena | BusManiak.pl","Citroën ë-Berlingo – elektryczny Berlingo","elektryczny","110","","","","page","citroen-berlingo","modele"
"/serwis/citroen-berlingo-spalanie/","Citroën Berlingo spalanie – zużycie paliwa per silnik i wersja | BusManiak.pl","Citroën Berlingo spalanie – tabela per silnik","citroen berlingo spalanie","140","","","","post","citroen-berlingo","serwis"
"/przerobki/citroen-berlingo-tuning/","Citroën Berlingo tuning – modyfikacje i chiptuning | BusManiak.pl","Citroën Berlingo tuning – poradnik modyfikacji","citroen berlingo tuning","170","","","","post","citroen-berlingo","przerobki"
"/modele/volkswagen-caddy/tdi/","Volkswagen Caddy TDI – dane techniczne, spalanie, opinie | BusManiak.pl","Volkswagen Caddy TDI – dane techniczne i opinie","volkswagen caddy 2.0 tdi","390","","","","page","volkswagen-caddy","modele"
"/modele/volkswagen-caddy/maxi/","Volkswagen Caddy Maxi – wymiary, dane techniczne, ceny | BusManiak.pl","Volkswagen Caddy Maxi – kompletny przewodnik","volkswagen caddy maxi","3600","","","","page","volkswagen-caddy","modele"
"/modele/volkswagen-caddy/osobowy/","Volkswagen Caddy Osobowy – wymiary, dane techniczne, ceny | BusManiak.pl","Volkswagen Caddy Osobowy – kompletny przewodnik","volkswagen caddy 7 osobowy","720","","","","page","volkswagen-caddy","modele"
"/modele/volkswagen-caddy/long/","Volkswagen Caddy Long – wymiary, dane techniczne, ceny | BusManiak.pl","Volkswagen Caddy Long – kompletny przewodnik","volkswagen caddy maxi long","590","","","","page","volkswagen-caddy","modele"
"/modele/renault-trafic/dci/","Renault Trafic dCi – dane techniczne, spalanie, opinie | BusManiak.pl","Renault Trafic dCi – dane techniczne i opinie","renault trafic 2.0 dci","590","","","","page","renault-trafic","modele"
"/modele/renault-trafic/1-9/","Renault Trafic 1 9 – dane techniczne, spalanie, opinie | BusManiak.pl","Renault Trafic 1 9 – dane techniczne i opinie","silnik renault trafic 1.9 dci","260","","","","page","renault-trafic","modele"
"/modele/renault-trafic/2-0/","Renault Trafic 2 0 – dane techniczne, spalanie, opinie | BusManiak.pl","Renault Trafic 2 0 – dane techniczne i opinie","renault trafic 2.0 dci opinie","210","","","","page","renault-trafic","modele"
"/modele/renault-trafic/1-6/","Renault Trafic 1 6 – dane techniczne, spalanie, opinie | BusManiak.pl","Renault Trafic 1 6 – dane techniczne i opinie","renault trafic 1.6 dci opinie","140","","","","page","renault-trafic","modele"
"/modele/renault-trafic/2-5/","Renault Trafic 2 5 – dane techniczne, spalanie, opinie | BusManiak.pl","Renault Trafic 2 5 – dane techniczne i opinie","renault trafic 2.5 dci opinie","140","","","","page","renault-trafic","modele"
"/modele/renault-trafic/osobowy/","Renault Trafic Osobowy – wymiary, dane techniczne, ceny | BusManiak.pl","Renault Trafic Osobowy – kompletny przewodnik","renault trafic 9 osobowy","4400","","","","page","renault-trafic","modele"
"/modele/renault-trafic/long/","Renault Trafic Long – wymiary, dane techniczne, ceny | BusManiak.pl","Renault Trafic Long – kompletny przewodnik","renault trafic long","1600","","","","page","renault-trafic","modele"
"/modele/renault-trafic/brygadowka/","Renault Trafic Brygadowka – wymiary, dane techniczne, ceny | BusManiak.pl","Renault Trafic Brygadowka – kompletny przewodnik","renault trafic brygadówka","590","","","","page","renault-trafic","modele"
"/modele/renault-trafic/dostawczy/","Renault Trafic Dostawczy – wymiary, dane techniczne, ceny | BusManiak.pl","Renault Trafic Dostawczy – kompletny przewodnik","renault trafic dostawczy","480","","","","page","renault-trafic","modele"
"/serwis/renault-trafic-spalanie/","Renault Trafic spalanie – przewodnik serwisowy | BusManiak.pl","Renault Trafic spalanie – kompletny przewodnik","renault trafic spalanie","320","","","","post","renault-trafic","serwis"
"/modele/toyota-proace/2-0/","Toyota Proace 2 0 – dane techniczne, spalanie, opinie | BusManiak.pl","Toyota Proace 2 0 – dane techniczne i opinie","toyota proace 2.0 diesel opinie","210","","","","page","toyota-proace","modele"
"/modele/toyota-proace/1-5/","Toyota Proace 1 5 – dane techniczne, spalanie, opinie | BusManiak.pl","Toyota Proace 1 5 – dane techniczne i opinie","toyota proace 1.5 diesel opinie","140","","","","page","toyota-proace","modele"
"/modele/toyota-proace/long/","Toyota Proace Long – wymiary, dane techniczne, ceny | BusManiak.pl","Toyota Proace Long – kompletny przewodnik","toyota proace long","1300","","","","page","toyota-proace","modele"
"/modele/toyota-proace/osobowy/","Toyota Proace Osobowy – wymiary, dane techniczne, ceny | BusManiak.pl","Toyota Proace Osobowy – kompletny przewodnik","toyota proace city verso 7 osobowy","390","","","","page","toyota-proace","modele"
"/modele/ford-transit/2-2/","Ford Transit 2 2 – dane techniczne, spalanie, opinie | BusManiak.pl","Ford Transit 2 2 – dane techniczne i opinie","ford transit 2.2 tdci opinie","260","","","","page","ford-transit","modele"
"/modele/ford-transit/2-0/","Ford Transit 2 0 – dane techniczne, spalanie, opinie | BusManiak.pl","Ford Transit 2 0 – dane techniczne i opinie","ford transit custom 2.0 tdci 130 km opinie","140","","","","page","ford-transit","modele"
"/modele/ford-transit/kombi/","Ford Transit Kombi – wymiary, dane techniczne, ceny | BusManiak.pl","Ford Transit Kombi – kompletny przewodnik","ford transit courier kombi","4400","","","","page","ford-transit","modele"
"/modele/ford-transit/van/","Ford Transit Van – wymiary, dane techniczne, ceny | BusManiak.pl","Ford Transit Van – kompletny przewodnik","ford transit courier van","4400","","","","page","ford-transit","modele"
"/modele/ford-transit/osobowy/","Ford Transit Osobowy – wymiary, dane techniczne, ceny | BusManiak.pl","Ford Transit Osobowy – kompletny przewodnik","ford transit 9 osobowy","1300","","","","page","ford-transit","modele"
"/modele/ford-transit/long/","Ford Transit Long – wymiary, dane techniczne, ceny | BusManiak.pl","Ford Transit Long – kompletny przewodnik","ford transit connect long","720","","","","page","ford-transit","modele"
"/modele/ford-transit/brygadowka/","Ford Transit Brygadowka – wymiary, dane techniczne, ceny | BusManiak.pl","Ford Transit Brygadowka – kompletny przewodnik","ford transit brygadówka","480","","","","page","ford-transit","modele"
"/modele/ford-transit/dostawczy/","Ford Transit Dostawczy – wymiary, dane techniczne, ceny | BusManiak.pl","Ford Transit Dostawczy – kompletny przewodnik","ford transit dostawczy","320","","","","page","ford-transit","modele"
"/modele/ford-transit/skrzyniowy/","Ford Transit Skrzyniowy – wymiary, dane techniczne, ceny | BusManiak.pl","Ford Transit Skrzyniowy – kompletny przewodnik","ford transit skrzyniowy","320","","","","page","ford-transit","modele"
"/modele/ford-ranger/3-2/","Ford Ranger 3 2 – dane techniczne, spalanie, opinie | BusManiak.pl","Ford Ranger 3 2 – dane techniczne i opinie","ford ranger 3.2 silnik opinie","110","","","","page","ford-ranger","modele"
"/modele/ford-ranger/xl/","Ford Ranger Xl – wymiary, dane techniczne, ceny | BusManiak.pl","Ford Ranger Xl – kompletny przewodnik","ford ranger xlt","390","","","","page","ford-ranger","modele"
"/serwis/ford-ranger-spalanie/","Ford Ranger spalanie – przewodnik serwisowy | BusManiak.pl","Ford Ranger spalanie – kompletny przewodnik","ford ranger spalanie","320","","","","post","ford-ranger","serwis"
"/modele/fiat-doblo/multijet/","Fiat Doblò MultiJet – dane techniczne, spalanie, opinie | BusManiak.pl","Fiat Doblò MultiJet – dane techniczne i opinie","fiat doblo 1.3 multijet","720","","","","page","fiat-doblo","modele"
"/modele/fiat-doblo/jtd/","Fiat Doblò JTD – dane techniczne, spalanie, opinie | BusManiak.pl","Fiat Doblò JTD – dane techniczne i opinie","fiat doblo 1.9 jtd","590","","","","page","fiat-doblo","modele"
"/modele/fiat-doblo/1-3/","Fiat Doblò 1 3 – dane techniczne, spalanie, opinie | BusManiak.pl","Fiat Doblò 1 3 – dane techniczne i opinie","fiat doblo 1.3 multijet opinie","140","","","","page","fiat-doblo","modele"
"/modele/fiat-doblo/1-6/","Fiat Doblò 1 6 – dane techniczne, spalanie, opinie | BusManiak.pl","Fiat Doblò 1 6 – dane techniczne i opinie","fiat doblo 1.6 multijet 105 km","140","","","","page","fiat-doblo","modele"
"/modele/fiat-doblo/1-4/","Fiat Doblò 1 4 – dane techniczne, spalanie, opinie | BusManiak.pl","Fiat Doblò 1 4 – dane techniczne i opinie","fiat doblo 1.4 benzyna opinie","110","","","","page","fiat-doblo","modele"
"/modele/fiat-doblo/1-9/","Fiat Doblò 1 9 – dane techniczne, spalanie, opinie | BusManiak.pl","Fiat Doblò 1 9 – dane techniczne i opinie","fiat doblo 1.9 jtd opinie","110","","","","page","fiat-doblo","modele"
"/modele/fiat-doblo/maxi/","Fiat Doblò Maxi – wymiary, dane techniczne, ceny | BusManiak.pl","Fiat Doblò Maxi – kompletny przewodnik","fiat doblo maxi","5400","","","","page","fiat-doblo","modele"
"/modele/fiat-doblo/osobowy/","Fiat Doblò Osobowy – wymiary, dane techniczne, ceny | BusManiak.pl","Fiat Doblò Osobowy – kompletny przewodnik","fiat doblo 5-osobowy","390","","","","page","fiat-doblo","modele"
"/modele/opel-vivaro/cdti/","Opel Vivaro CDTI – dane techniczne, spalanie, opinie | BusManiak.pl","Opel Vivaro CDTI – dane techniczne i opinie","opel vivaro 2.0 cdti","1000","","","","page","opel-vivaro","modele"
"/modele/opel-vivaro/2-0/","Opel Vivaro 2 0 – dane techniczne, spalanie, opinie | BusManiak.pl","Opel Vivaro 2 0 – dane techniczne i opinie","silnik opel vivaro 2.0 cdti","170","","","","page","opel-vivaro","modele"
"/modele/opel-vivaro/1-6/","Opel Vivaro 1 6 – dane techniczne, spalanie, opinie | BusManiak.pl","Opel Vivaro 1 6 – dane techniczne i opinie","opel vivaro 1.6 cdti opinie","140","","","","page","opel-vivaro","modele"
"/modele/opel-vivaro/1-9/","Opel Vivaro 1 9 – dane techniczne, spalanie, opinie | BusManiak.pl","Opel Vivaro 1 9 – dane techniczne i opinie","opel vivaro 1.9 cdti opinie","110","","","","page","opel-vivaro","modele"
"/modele/opel-vivaro/2-5/","Opel Vivaro 2 5 – dane techniczne, spalanie, opinie | BusManiak.pl","Opel Vivaro 2 5 – dane techniczne i opinie","opel vivaro 2.5cdti opinie","110","","","","page","opel-vivaro","modele"
"/modele/opel-vivaro/osobowy/","Opel Vivaro Osobowy – wymiary, dane techniczne, ceny | BusManiak.pl","Opel Vivaro Osobowy – kompletny przewodnik","opel vivaro 9-osobowy","2900","","","","page","opel-vivaro","modele"
"/modele/opel-vivaro/long/","Opel Vivaro Long – wymiary, dane techniczne, ceny | BusManiak.pl","Opel Vivaro Long – kompletny przewodnik","opel vivaro long","1000","","","","page","opel-vivaro","modele"
"/modele/opel-vivaro/brygadowka/","Opel Vivaro Brygadowka – wymiary, dane techniczne, ceny | BusManiak.pl","Opel Vivaro Brygadowka – kompletny przewodnik","opel vivaro brygadówka","480","","","","page","opel-vivaro","modele"
"/modele/opel-vivaro/blaszak/","Opel Vivaro Blaszak – wymiary, dane techniczne, ceny | BusManiak.pl","Opel Vivaro Blaszak – kompletny przewodnik","opel vivaro blaszak","390","","","","page","opel-vivaro","modele"
"/serwis/opel-vivaro-kontrolki/","Opel Vivaro kontrolki – przewodnik serwisowy | BusManiak.pl","Opel Vivaro kontrolki – kompletny przewodnik","opel vivaro kontrolki opis","320","","","","post","opel-vivaro","serwis"
"/modele/iveco-daily/2-3/","Iveco Daily 2 3 – dane techniczne, spalanie, opinie | BusManiak.pl","Iveco Daily 2 3 – dane techniczne i opinie","iveco daily 2.3 opinie","170","","","","page","iveco-daily","modele"
"/modele/iveco-daily/3-0/","Iveco Daily 3 0 – dane techniczne, spalanie, opinie | BusManiak.pl","Iveco Daily 3 0 – dane techniczne i opinie","iveco daily 3.0 spalanie","110","","","","page","iveco-daily","modele"
"/modele/iveco-daily/laweta/","Iveco Daily Laweta – wymiary, dane techniczne, ceny | BusManiak.pl","Iveco Daily Laweta – kompletny przewodnik","laweta iveco daily","1000","","","","page","iveco-daily","modele"
"/modele/iveco-daily/plandeka/","Iveco Daily Plandeka – wymiary, dane techniczne, ceny | BusManiak.pl","Iveco Daily Plandeka – kompletny przewodnik","iveco daily plandeka","480","","","","page","iveco-daily","modele"
"/modele/iveco-daily/kontener/","Iveco Daily Kontener – wymiary, dane techniczne, ceny | BusManiak.pl","Iveco Daily Kontener – kompletny przewodnik","iveco daily kontener","480","","","","page","iveco-daily","modele"
"/modele/iveco-daily/maxi/","Iveco Daily Maxi – wymiary, dane techniczne, ceny | BusManiak.pl","Iveco Daily Maxi – kompletny przewodnik","iveco daily maxi","320","","","","page","iveco-daily","modele"
"/modele/iveco-daily/chlodnia/","Iveco Daily Chlodnia – wymiary, dane techniczne, ceny | BusManiak.pl","Iveco Daily Chlodnia – kompletny przewodnik","iveco daily chłodnia","320","","","","page","iveco-daily","modele"
"/modele/iveco-daily/brygadowka/","Iveco Daily Brygadowka – wymiary, dane techniczne, ceny | BusManiak.pl","Iveco Daily Brygadowka – kompletny przewodnik","iveco daily brygadówka","320","","","","page","iveco-daily","modele"
"/serwis/iveco-daily-bezpieczniki/","Iveco Daily bezpieczniki – przewodnik serwisowy | BusManiak.pl","Iveco Daily bezpieczniki – kompletny przewodnik","iveco daily bezpieczniki opis","590","","","","post","iveco-daily","serwis"
"/serwis/iveco-daily-kontrolki/","Iveco Daily kontrolki – przewodnik serwisowy | BusManiak.pl","Iveco Daily kontrolki – kompletny przewodnik","iveco daily kontrolki opis","320","","","","post","iveco-daily","serwis"
"/modele/citroen-jumper/hdi/","Citroën Jumper HDI – dane techniczne, spalanie, opinie | BusManiak.pl","Citroën Jumper HDI – dane techniczne i opinie","citroen jumper 2.2 hdi","1300","","","","page","citroen-jumper","modele"
"/modele/citroen-jumper/2-2/","Citroën Jumper 2 2 – dane techniczne, spalanie, opinie | BusManiak.pl","Citroën Jumper 2 2 – dane techniczne i opinie","citroen jumper 2.2 hdi opinie","260","","","","page","citroen-jumper","modele"
"/modele/citroen-jumper/2-0/","Citroën Jumper 2 0 – dane techniczne, spalanie, opinie | BusManiak.pl","Citroën Jumper 2 0 – dane techniczne i opinie","citroen jumper 2.0 hdi opinie","110","","","","page","citroen-jumper","modele"
"/modele/ford-transit-custom/2-0/","Ford Transit Custom 2 0 – dane techniczne, spalanie, opinie | BusManiak.pl","Ford Transit Custom 2 0 – dane techniczne i opinie","ford transit custom 2.0 tdci 130 km opinie","140","","","","page","ford-transit-custom","modele"
"/modele/ford-transit-custom/2-2/","Ford Transit Custom 2 2 – dane techniczne, spalanie, opinie | BusManiak.pl","Ford Transit Custom 2 2 – dane techniczne i opinie","ford transit custom silnik 2.2 opinie","110","","","","page","ford-transit-custom","modele"
"/modele/ford-transit-custom/osobowy/","Ford Transit Custom Osobowy – wymiary, dane techniczne, ceny | BusManiak.pl","Ford Transit Custom Osobowy – kompletny przewodnik","ford transit custom 9-osobowy","480","","","","page","ford-transit-custom","modele"
"/modele/peugeot-partner/hdi/","Peugeot Partner HDI – dane techniczne, spalanie, opinie | BusManiak.pl","Peugeot Partner HDI – dane techniczne i opinie","peugeot partner 1.6 hdi","2900","","","","page","peugeot-partner","modele"
"/modele/peugeot-partner/1-6/","Peugeot Partner 1 6 – dane techniczne, spalanie, opinie | BusManiak.pl","Peugeot Partner 1 6 – dane techniczne i opinie","peugeot partner 1.6 hdi opinie","110","","","","page","peugeot-partner","modele"
"/modele/peugeot-partner/long/","Peugeot Partner Long – wymiary, dane techniczne, ceny | BusManiak.pl","Peugeot Partner Long – kompletny przewodnik","peugeot partner long","880","","","","page","peugeot-partner","modele"
"/modele/peugeot-partner/blaszak/","Peugeot Partner Blaszak – wymiary, dane techniczne, ceny | BusManiak.pl","Peugeot Partner Blaszak – kompletny przewodnik","peugeot partner blaszak","320","","","","page","peugeot-partner","modele"
"/modele/peugeot-partner/dostawczy/","Peugeot Partner Dostawczy – wymiary, dane techniczne, ceny | BusManiak.pl","Peugeot Partner Dostawczy – kompletny przewodnik","peugeot partner dostawczy","320","","","","page","peugeot-partner","modele"
"/modele/mercedes-sprinter/2-2/","Mercedes Sprinter 2 2 – dane techniczne, spalanie, opinie | BusManiak.pl","Mercedes Sprinter 2 2 – dane techniczne i opinie","silnik mercedes sprinter 2.2 cdi","170","","","","page","mercedes-sprinter","modele"
"/modele/mercedes-sprinter/van/","Mercedes Sprinter Van – wymiary, dane techniczne, ceny | BusManiak.pl","Mercedes Sprinter Van – kompletny przewodnik","mercedes benz sprinter van","18100","","","","page","mercedes-sprinter","modele"
"/modele/mercedes-sprinter/osobowy/","Mercedes Sprinter Osobowy – wymiary, dane techniczne, ceny | BusManiak.pl","Mercedes Sprinter Osobowy – kompletny przewodnik","mercedes sprinter 9 osobowy","590","","","","page","mercedes-sprinter","modele"
"/modele/mercedes-sprinter/brygadowka/","Mercedes Sprinter Brygadowka – wymiary, dane techniczne, ceny | BusManiak.pl","Mercedes Sprinter Brygadowka – kompletny przewodnik","mercedes sprinter brygadówka","320","","","","page","mercedes-sprinter","modele"
"/modele/mercedes-sprinter/kontener/","Mercedes Sprinter Kontener – wymiary, dane techniczne, ceny | BusManiak.pl","Mercedes Sprinter Kontener – kompletny przewodnik","mercedes sprinter kontener","320","","","","page","mercedes-sprinter","modele"
"/modele/mercedes-vito/2-2/","Mercedes Vito 2 2 – dane techniczne, spalanie, opinie | BusManiak.pl","Mercedes Vito 2 2 – dane techniczne i opinie","mercedes vito 2.2 cdi opinie","210","","","","page","mercedes-vito","modele"
"/modele/mercedes-vito/osobowy/","Mercedes Vito Osobowy – wymiary, dane techniczne, ceny | BusManiak.pl","Mercedes Vito Osobowy – kompletny przewodnik","mercedes vito 9 osobowy","1900","","","","page","mercedes-vito","modele"
"/modele/opel-combo/cdti/","Opel Combo CDTI – dane techniczne, spalanie, opinie | BusManiak.pl","Opel Combo CDTI – dane techniczne i opinie","opel combo 1.3 cdti","480","","","","page","opel-combo","modele"
"/modele/opel-combo/1-3/","Opel Combo 1 3 – dane techniczne, spalanie, opinie | BusManiak.pl","Opel Combo 1 3 – dane techniczne i opinie","opel combo 1.3 cdti opinie","110","","","","page","opel-combo","modele"
"/modele/opel-combo/van/","Opel Combo Van – wymiary, dane techniczne, ceny | BusManiak.pl","Opel Combo Van – kompletny przewodnik","opel combo van","18100","","","","page","opel-combo","modele"
"/modele/opel-combo/maxi/","Opel Combo Maxi – wymiary, dane techniczne, ceny | BusManiak.pl","Opel Combo Maxi – kompletny przewodnik","opel combo maxi","320","","","","page","opel-combo","modele"
"/modele/toyota-proace-city/1-5/","Toyota Proace City 1 5 – dane techniczne, spalanie, opinie | BusManiak.pl","Toyota Proace City 1 5 – dane techniczne i opinie","toyota proace city verso 1.5 d-4d opinie","110","","","","page","toyota-proace-city","modele"
"/modele/toyota-proace-city/long/","Toyota Proace City Long – wymiary, dane techniczne, ceny | BusManiak.pl","Toyota Proace City Long – kompletny przewodnik","toyota proace city long","1000","","","","page","toyota-proace-city","modele"
"/modele/toyota-proace-city/osobowy/","Toyota Proace City Osobowy – wymiary, dane techniczne, ceny | BusManiak.pl","Toyota Proace City Osobowy – kompletny przewodnik","toyota proace city verso 7 osobowy","390","","","","page","toyota-proace-city","modele"
"/modele/peugeot-boxer/hdi/","Peugeot Boxer HDI – dane techniczne, spalanie, opinie | BusManiak.pl","Peugeot Boxer HDI – dane techniczne i opinie","peugeot boxer 2.2 hdi","1600","","","","page","peugeot-boxer","modele"
"/modele/peugeot-boxer/2-2/","Peugeot Boxer 2 2 – dane techniczne, spalanie, opinie | BusManiak.pl","Peugeot Boxer 2 2 – dane techniczne i opinie","peugeot boxer 2.2 hdi opinie","260","","","","page","peugeot-boxer","modele"
"/modele/peugeot-boxer/2-0/","Peugeot Boxer 2 0 – dane techniczne, spalanie, opinie | BusManiak.pl","Peugeot Boxer 2 0 – dane techniczne i opinie","peugeot boxer 2.0 hdi opinie","140","","","","page","peugeot-boxer","modele"
"/serwis/peugeot-boxer-bezpieczniki/","Peugeot Boxer bezpieczniki – przewodnik serwisowy | BusManiak.pl","Peugeot Boxer bezpieczniki – kompletny przewodnik","peugeot boxer bezpieczniki opis","320","","","","post","peugeot-boxer","serwis"
"/modele/dacia-dokker/1-6/","Dacia Dokker 1 6 – dane techniczne, spalanie, opinie | BusManiak.pl","Dacia Dokker 1 6 – dane techniczne i opinie","dacia dokker 1.6 benzyna opinie","110","","","","page","dacia-dokker","modele"
"/modele/dacia-dokker/van/","Dacia Dokker Van – wymiary, dane techniczne, ceny | BusManiak.pl","Dacia Dokker Van – kompletny przewodnik","dacia dokker van","590","","","","page","dacia-dokker","modele"
"/modele/fiat-scudo/osobowy/","Fiat Scudo Osobowy – wymiary, dane techniczne, ceny | BusManiak.pl","Fiat Scudo Osobowy – kompletny przewodnik","fiat scudo 9 osobowy","880","","","","page","fiat-scudo","modele"
"/modele/volkswagen-crafter/tdi/","Volkswagen Crafter TDI – dane techniczne, spalanie, opinie | BusManiak.pl","Volkswagen Crafter TDI – dane techniczne i opinie","volkswagen crafter 2.0 tdi","720","","","","page","volkswagen-crafter","modele"
"/modele/volkswagen-crafter/osobowy/","Volkswagen Crafter Osobowy – wymiary, dane techniczne, ceny | BusManiak.pl","Volkswagen Crafter Osobowy – kompletny przewodnik","volkswagen crafter 9 osobowy","480","","","","page","volkswagen-crafter","modele"
"/modele/volkswagen-crafter/brygadowka/","Volkswagen Crafter Brygadowka – wymiary, dane techniczne, ceny | BusManiak.pl","Volkswagen Crafter Brygadowka – kompletny przewodnik","volkswagen crafter brygadówka","390","","","","page","volkswagen-crafter","modele"
"/modele/renault-master/dci/","Renault Master dCi – dane techniczne, spalanie, opinie | BusManiak.pl","Renault Master dCi – dane techniczne i opinie","renault master 2.5 dci","320","","","","page","renault-master","modele"
"/modele/renault-master/plandeka/","Renault Master Plandeka – wymiary, dane techniczne, ceny | BusManiak.pl","Renault Master Plandeka – kompletny przewodnik","renault master plandeka","1000","","","","page","renault-master","modele"
"/modele/renault-master/brygadowka/","Renault Master Brygadowka – wymiary, dane techniczne, ceny | BusManiak.pl","Renault Master Brygadowka – kompletny przewodnik","renault master brygadówka","590","","","","page","renault-master","modele"
"/modele/renault-master/osobowy/","Renault Master Osobowy – wymiary, dane techniczne, ceny | BusManiak.pl","Renault Master Osobowy – kompletny przewodnik","renault master 9 osobowy","480","","","","page","renault-master","modele"
"/modele/renault-master/van/","Renault Master Van – wymiary, dane techniczne, ceny | BusManiak.pl","Renault Master Van – kompletny przewodnik","renault master campervan","480","","","","page","renault-master","modele"
"/modele/renault-master/furgon/","Renault Master Furgon – wymiary, dane techniczne, ceny | BusManiak.pl","Renault Master Furgon – kompletny przewodnik","renault master furgon","480","","","","page","renault-master","modele"
"/modele/renault-master/skrzyniowy/","Renault Master Skrzyniowy – wymiary, dane techniczne, ceny | BusManiak.pl","Renault Master Skrzyniowy – kompletny przewodnik","renault master skrzyniowy","390","","","","page","renault-master","modele"
"/modele/renault-master/blaszak/","Renault Master Blaszak – wymiary, dane techniczne, ceny | BusManiak.pl","Renault Master Blaszak – kompletny przewodnik","renault master blaszak","390","","","","page","renault-master","modele"
"/modele/volkswagen-transporter/tdi/","Volkswagen Transporter TDI – dane techniczne, spalanie, opinie | BusManiak.pl","Volkswagen Transporter TDI – dane techniczne i opinie","volkswagen transporter t4 2.5 tdi","1000","","","","page","volkswagen-transporter","modele"
"/modele/ford-transit-connect/1-5/","Ford Transit Connect 1 5 – dane techniczne, spalanie, opinie | BusManiak.pl","Ford Transit Connect 1 5 – dane techniczne i opinie","ford transit connect 1.5 tdci opinie","110","","","","page","ford-transit-connect","modele"
"/modele/ford-transit-connect/long/","Ford Transit Connect Long – wymiary, dane techniczne, ceny | BusManiak.pl","Ford Transit Connect Long – kompletny przewodnik","ford transit connect long","720","","","","page","ford-transit-connect","modele"
"/modele/ford-transit-courier/kombi/","Ford Transit Courier Kombi – wymiary, dane techniczne, ceny | BusManiak.pl","Ford Transit Courier Kombi – kompletny przewodnik","ford transit courier kombi","4400","","","","page","ford-transit-courier","modele"
"/modele/ford-transit-courier/van/","Ford Transit Courier Van – wymiary, dane techniczne, ceny | BusManiak.pl","Ford Transit Courier Van – kompletny przewodnik","ford transit courier van","4400","","","","page","ford-transit-courier","modele"
"/modele/nissan-nv200/1-5/","Nissan NV200 1 5 – dane techniczne, spalanie, opinie | BusManiak.pl","Nissan NV200 1 5 – dane techniczne i opinie","nissan nv200 1.5 dci opinie","110","","","","page","nissan-nv200","modele"
"/modele/peugeot-rifter/long/","Peugeot Rifter Long – wymiary, dane techniczne, ceny | BusManiak.pl","Peugeot Rifter Long – kompletny przewodnik","peugeot rifter long","720","","","","page","peugeot-rifter","modele"
"/modele/volkswagen-multivan/van/","Volkswagen Multivan Van – wymiary, dane techniczne, ceny | BusManiak.pl","Volkswagen Multivan Van – kompletny przewodnik","multivan volkswagen","6600","","","","page","volkswagen-multivan","modele"
"/modele/toyota-proace-verso/1-5/","Toyota Proace Verso 1 5 – dane techniczne, spalanie, opinie | BusManiak.pl","Toyota Proace Verso 1 5 – dane techniczne i opinie","toyota proace city verso 1.5 d-4d opinie","110","","","","page","toyota-proace-verso","modele"
"/modele/toyota-proace-verso/long/","Toyota Proace Verso Long – wymiary, dane techniczne, ceny | BusManiak.pl","Toyota Proace Verso Long – kompletny przewodnik","toyota proace city verso long","590","","","","page","toyota-proace-verso","modele"
"/modele/toyota-proace-verso/osobowy/","Toyota Proace Verso Osobowy – wymiary, dane techniczne, ceny | BusManiak.pl","Toyota Proace Verso Osobowy – kompletny przewodnik","toyota proace city verso 7 osobowy","390","","","","page","toyota-proace-verso","modele"
"/modele/volkswagen-amarok/tdi/","Volkswagen Amarok TDI – dane techniczne, spalanie, opinie | BusManiak.pl","Volkswagen Amarok TDI – dane techniczne i opinie","volkswagen amarok 2.0 tdi","170","","","","page","volkswagen-amarok","modele"
"/modele/maxus-deliver-9/osobowy/","Maxus Deliver 9 Osobowy – wymiary, dane techniczne, ceny | BusManiak.pl","Maxus Deliver 9 Osobowy – kompletny przewodnik","maxus deliver 9 osobowy","320","","","","page","maxus-deliver-9","modele"
"/modele/fiat-ducato-maxi/maxi/","Fiat Ducato Maxi Maxi – wymiary, dane techniczne, ceny | BusManiak.pl","Fiat Ducato Maxi Maxi – kompletny przewodnik","fiat maxi ducato","2400","","","","page","fiat-ducato-maxi","modele"
